净值日期,单位净值,累计净值,日增长率,申购状态,赎回状态,分红送配
2017-06-02,1.0,1.0,,封闭期,封闭期,nan
2017-06-09,1.0,1.0,,封闭期,封闭期,nan
2017-06-16,1.0,1.0,,封闭期,封闭期,nan
2017-06-19,1.0,1.0,0.0,封闭期,封闭期,nan
2017-06-20,1.0,1.0,0.0,开放申购,开放赎回,nan
2017-06-21,1.001,1.001,0.1,开放申购,开放赎回,nan
2017-06-22,1.001,1.001,0.0,开放申购,开放赎回,nan
2017-06-23,1.001,1.001,0.0,开放申购,开放赎回,nan
2017-06-26,1.001,1.001,0.0,开放申购,开放赎回,nan
2017-06-27,1.002,1.002,0.1,开放申购,开放赎回,nan
2017-06-28,1.002,1.002,0.0,开放申购,开放赎回,nan
2017-06-29,1.002,1.002,0.0,开放申购,开放赎回,nan
2017-06-30,1.002,1.002,0.0,开放申购,开放赎回,nan
2017-07-03,1.003,1.003,0.1,开放申购,开放赎回,nan
2017-07-04,1.003,1.003,0.0,开放申购,开放赎回,nan
2017-07-05,1.003,1.003,0.0,开放申购,开放赎回,nan
2017-07-06,1.004,1.004,0.1,开放申购,开放赎回,nan
2017-07-07,1.004,1.004,0.0,开放申购,开放赎回,nan
2017-07-10,1.004,1.004,0.0,开放申购,开放赎回,nan
2017-07-11,1.004,1.004,0.0,开放申购,开放赎回,nan
2017-07-12,1.004,1.004,0.0,开放申购,开放赎回,nan
2017-07-13,1.004,1.004,0.0,开放申购,开放赎回,nan
2017-07-14,1.004,1.004,0.0,开放申购,开放赎回,nan
2017-07-17,1.004,1.004,0.0,开放申购,开放赎回,nan
2017-07-18,1.004,1.004,0.0,开放申购,开放赎回,nan
2017-07-19,1.005,1.005,0.1,开放申购,开放赎回,nan
2017-07-20,1.006,1.006,0.1,开放申购,开放赎回,nan
2017-07-21,1.005,1.005,-0.1,开放申购,开放赎回,nan
2017-07-24,1.005,1.005,0.0,开放申购,开放赎回,nan
2017-07-25,1.004,1.004,-0.1,开放申购,开放赎回,nan
2017-07-26,1.007,1.007,0.3,开放申购,开放赎回,nan
2017-07-27,1.011,1.011,0.4,开放申购,开放赎回,nan
2017-07-28,1.014,1.014,0.3,开放申购,开放赎回,nan
2017-07-31,1.019,1.019,0.49,开放申购,开放赎回,nan
2017-08-01,1.019,1.019,0.0,开放申购,开放赎回,nan
2017-08-02,1.018,1.018,-0.1,开放申购,开放赎回,nan
2017-08-03,1.02,1.02,0.2,开放申购,开放赎回,nan
2017-08-04,1.016,1.016,-0.39,开放申购,开放赎回,nan
2017-08-07,1.019,1.019,0.3,开放申购,开放赎回,nan
2017-08-08,1.018,1.018,-0.1,开放申购,开放赎回,nan
2017-08-09,1.018,1.018,0.0,开放申购,开放赎回,nan
2017-08-10,1.018,1.018,0.0,开放申购,开放赎回,nan
2017-08-11,1.017,1.017,-0.1,开放申购,开放赎回,nan
2017-08-14,1.021,1.021,0.39,开放申购,开放赎回,nan
2017-08-15,1.022,1.022,0.1,开放申购,开放赎回,nan
2017-08-16,1.02,1.02,-0.2,开放申购,开放赎回,nan
2017-08-17,1.02,1.02,0.0,开放申购,开放赎回,nan
2017-08-18,1.019,1.019,-0.1,开放申购,开放赎回,nan
2017-08-21,1.02,1.02,0.1,开放申购,开放赎回,nan
2017-08-22,1.018,1.018,-0.2,开放申购,开放赎回,nan
2017-08-23,1.018,1.018,0.0,开放申购,开放赎回,nan
2017-08-24,1.018,1.018,0.0,开放申购,开放赎回,nan
2017-08-25,1.02,1.02,0.2,开放申购,开放赎回,nan
2017-08-28,1.023,1.023,0.29,开放申购,开放赎回,nan
2017-08-29,1.025,1.025,0.2,开放申购,开放赎回,nan
2017-08-30,1.023,1.023,-0.2,开放申购,开放赎回,nan
2017-08-31,1.022,1.022,-0.1,开放申购,开放赎回,nan
2017-09-01,1.024,1.024,0.2,开放申购,开放赎回,nan
2017-09-04,1.03,1.03,0.59,开放申购,开放赎回,nan
2017-09-05,1.03,1.03,0.0,开放申购,开放赎回,nan
2017-09-06,1.031,1.031,0.1,开放申购,开放赎回,nan
2017-09-07,1.027,1.027,-0.39,开放申购,开放赎回,nan
2017-09-08,1.03,1.03,0.29,开放申购,开放赎回,nan
2017-09-11,1.038,1.038,0.78,开放申购,开放赎回,nan
2017-09-12,1.036,1.036,-0.19,开放申购,开放赎回,nan
2017-09-13,1.04,1.04,0.39,开放申购,开放赎回,nan
2017-09-14,1.038,1.038,-0.19,开放申购,开放赎回,nan
2017-09-15,1.035,1.035,-0.29,开放申购,开放赎回,nan
2017-09-18,1.041,1.041,0.58,开放申购,开放赎回,nan
2017-09-19,1.041,1.041,0.0,开放申购,开放赎回,nan
2017-09-20,1.044,1.044,0.29,开放申购,开放赎回,nan
2017-09-21,1.035,1.035,-0.86,开放申购,开放赎回,nan
2017-09-22,1.033,1.033,-0.19,开放申购,开放赎回,nan
2017-09-25,1.025,1.025,-0.77,开放申购,开放赎回,nan
2017-09-26,1.024,1.024,-0.1,开放申购,开放赎回,nan
2017-09-27,1.031,1.031,0.68,开放申购,开放赎回,nan
2017-09-28,1.035,1.035,0.39,开放申购,开放赎回,nan
2017-09-29,1.038,1.038,0.29,开放申购,开放赎回,nan
2017-10-09,1.041,1.041,0.29,开放申购,开放赎回,nan
2017-10-10,1.036,1.036,-0.48,开放申购,开放赎回,nan
2017-10-11,1.038,1.038,0.19,开放申购,开放赎回,nan
2017-10-12,1.037,1.037,-0.1,开放申购,开放赎回,nan
2017-10-13,1.038,1.038,0.1,开放申购,开放赎回,nan
2017-10-16,1.033,1.033,-0.48,开放申购,开放赎回,nan
2017-10-17,1.037,1.037,0.39,开放申购,开放赎回,nan
2017-10-18,1.039,1.039,0.19,开放申购,开放赎回,nan
2017-10-19,1.039,1.039,0.0,开放申购,开放赎回,nan
2017-10-20,1.041,1.041,0.19,开放申购,开放赎回,nan
2017-10-23,1.041,1.041,0.0,开放申购,开放赎回,nan
2017-10-24,1.05,1.05,0.86,开放申购,开放赎回,nan
2017-10-25,1.053,1.053,0.29,开放申购,开放赎回,nan
2017-10-26,1.066,1.066,1.23,开放申购,开放赎回,nan
2017-10-27,1.065,1.065,-0.09,开放申购,开放赎回,nan
2017-10-30,1.064,1.064,-0.09,开放申购,开放赎回,nan
2017-10-31,1.067,1.067,0.28,开放申购,开放赎回,nan
2017-11-01,1.066,1.066,-0.09,开放申购,开放赎回,nan
2017-11-02,1.06,1.06,-0.56,开放申购,开放赎回,nan
2017-11-03,1.054,1.054,-0.57,开放申购,开放赎回,nan
2017-11-06,1.079,1.079,2.37,开放申购,开放赎回,nan
2017-11-07,1.086,1.086,0.65,开放申购,开放赎回,nan
2017-11-08,1.086,1.086,0.0,开放申购,开放赎回,nan
2017-11-09,1.097,1.097,1.01,开放申购,开放赎回,nan
2017-11-10,1.117,1.117,1.82,开放申购,开放赎回,nan
2017-11-13,1.128,1.128,0.98,开放申购,开放赎回,nan
2017-11-14,1.112,1.112,-1.42,开放申购,开放赎回,nan
2017-11-15,1.106,1.106,-0.54,开放申购,开放赎回,nan
2017-11-16,1.115,1.115,0.81,开放申购,开放赎回,nan
2017-11-17,1.099,1.099,-1.44,开放申购,开放赎回,nan
2017-11-20,1.12,1.12,1.91,开放申购,开放赎回,nan
2017-11-21,1.13,1.13,0.89,开放申购,开放赎回,nan
2017-11-22,1.128,1.128,-0.18,开放申购,开放赎回,nan
2017-11-23,1.096,1.096,-2.84,开放申购,开放赎回,nan
2017-11-24,1.098,1.098,0.18,开放申购,开放赎回,nan
2017-11-27,1.08,1.08,-1.64,开放申购,开放赎回,nan
2017-11-28,1.092,1.092,1.11,开放申购,开放赎回,nan
2017-11-29,1.093,1.093,0.09,开放申购,开放赎回,nan
2017-11-30,1.08,1.08,-1.19,开放申购,开放赎回,nan
2017-12-01,1.085,1.085,0.46,开放申购,开放赎回,nan
2017-12-04,1.085,1.085,0.0,开放申购,开放赎回,nan
2017-12-05,1.068,1.068,-1.57,开放申购,开放赎回,nan
2017-12-06,1.063,1.063,-0.47,开放申购,开放赎回,nan
2017-12-07,1.059,1.059,-0.38,开放申购,开放赎回,nan
2017-12-08,1.068,1.068,0.85,开放申购,开放赎回,nan
2017-12-11,1.081,1.081,1.22,开放申购,开放赎回,nan
2017-12-12,1.076,1.076,-0.46,开放申购,开放赎回,nan
2017-12-13,1.088,1.088,1.12,开放申购,开放赎回,nan
2017-12-14,1.089,1.089,0.09,开放申购,开放赎回,nan
2017-12-15,1.083,1.083,-0.55,开放申购,开放赎回,nan
2017-12-18,1.086,1.086,0.28,开放申购,开放赎回,nan
2017-12-19,1.092,1.092,0.55,开放申购,开放赎回,nan
2017-12-20,1.09,1.09,-0.18,开放申购,开放赎回,nan
2017-12-21,1.101,1.101,1.01,开放申购,开放赎回,nan
2017-12-22,1.112,1.112,1.0,开放申购,开放赎回,nan
2017-12-25,1.109,1.109,-0.27,开放申购,开放赎回,nan
2017-12-26,1.106,1.106,-0.27,开放申购,开放赎回,nan
2017-12-27,1.09,1.09,-1.45,开放申购,开放赎回,nan
2017-12-28,1.094,1.094,0.37,开放申购,开放赎回,nan
2017-12-29,1.097,1.097,0.27,开放申购,开放赎回,nan
2017-12-31,1.097,1.097,,开放申购,开放赎回,nan
2018-01-02,1.106,1.106,0.82,开放申购,开放赎回,nan
2018-01-03,1.108,1.108,0.18,开放申购,开放赎回,nan
2018-01-04,1.113,1.113,0.45,开放申购,开放赎回,nan
2018-01-05,1.113,1.113,0.0,开放申购,开放赎回,nan
2018-01-08,1.115,1.115,0.18,开放申购,开放赎回,nan
2018-01-09,1.119,1.119,0.36,开放申购,开放赎回,nan
2018-01-10,1.122,1.122,0.27,开放申购,开放赎回,nan
2018-01-11,1.116,1.116,-0.53,开放申购,开放赎回,nan
2018-01-12,1.124,1.124,0.72,开放申购,开放赎回,nan
2018-01-15,1.117,1.117,-0.62,开放申购,开放赎回,nan
2018-01-16,1.117,1.117,0.0,开放申购,开放赎回,nan
2018-01-17,1.103,1.103,-1.25,开放申购,开放赎回,nan
2018-01-18,1.109,1.109,0.54,开放申购,开放赎回,nan
2018-01-19,1.108,1.108,-0.09,开放申购,开放赎回,nan
2018-01-22,1.126,1.126,1.62,开放申购,开放赎回,nan
2018-01-23,1.135,1.135,0.8,开放申购,开放赎回,nan
2018-01-24,1.133,1.133,-0.18,开放申购,开放赎回,nan
2018-01-25,1.129,1.129,-0.35,开放申购,开放赎回,nan
2018-01-26,1.134,1.134,0.44,开放申购,开放赎回,nan
2018-01-29,1.122,1.122,-1.06,开放申购,开放赎回,nan
2018-01-30,1.116,1.116,-0.53,开放申购,开放赎回,nan
2018-01-31,1.12,1.12,0.36,开放申购,开放赎回,nan
2018-02-01,1.114,1.114,-0.54,开放申购,开放赎回,nan
2018-02-02,1.113,1.113,-0.09,开放申购,开放赎回,nan
2018-02-05,1.099,1.099,-1.26,开放申购,开放赎回,nan
2018-02-06,1.083,1.083,-1.46,开放申购,开放赎回,nan
2018-02-07,1.067,1.067,-1.48,开放申购,开放赎回,nan
2018-02-08,1.069,1.069,0.19,开放申购,开放赎回,nan
2018-02-09,1.055,1.055,-1.31,开放申购,开放赎回,nan
2018-02-12,1.078,1.078,2.18,开放申购,开放赎回,nan
2018-02-13,1.083,1.083,0.46,开放申购,开放赎回,nan
2018-02-14,1.092,1.092,0.83,开放申购,开放赎回,nan
2018-02-22,1.103,1.103,1.01,开放申购,开放赎回,nan
2018-02-23,1.1,1.1,-0.27,开放申购,开放赎回,nan
2018-02-26,1.112,1.112,1.09,开放申购,开放赎回,nan
2018-02-27,1.106,1.106,-0.54,开放申购,开放赎回,nan
2018-02-28,1.105,1.105,-0.09,开放申购,开放赎回,nan
2018-03-01,1.115,1.115,0.91,开放申购,开放赎回,nan
2018-03-02,1.11,1.11,-0.45,开放申购,开放赎回,nan
2018-03-05,1.108,1.108,-0.18,开放申购,开放赎回,nan
2018-03-06,1.114,1.114,0.54,开放申购,开放赎回,nan
2018-03-07,1.112,1.112,-0.18,开放申购,开放赎回,nan
2018-03-08,1.119,1.119,0.63,开放申购,开放赎回,nan
2018-03-09,1.126,1.126,0.63,开放申购,开放赎回,nan
2018-03-12,1.138,1.138,1.07,开放申购,开放赎回,nan
2018-03-13,1.132,1.132,-0.53,开放申购,开放赎回,nan
2018-03-14,1.126,1.126,-0.53,开放申购,开放赎回,nan
2018-03-15,1.126,1.126,0.0,开放申购,开放赎回,nan
2018-03-16,1.119,1.119,-0.62,开放申购,开放赎回,nan
2018-03-19,1.119,1.119,0.0,开放申购,开放赎回,nan
2018-03-20,1.116,1.116,-0.27,开放申购,开放赎回,nan
2018-03-21,1.113,1.113,-0.27,开放申购,开放赎回,nan
2018-03-22,1.101,1.101,-1.08,开放申购,开放赎回,nan
2018-03-23,1.078,1.078,-2.09,开放申购,开放赎回,nan
2018-03-26,1.079,1.079,0.09,开放申购,开放赎回,nan
2018-03-27,1.08,1.08,0.09,开放申购,开放赎回,nan
2018-03-28,1.072,1.072,-0.74,开放申购,开放赎回,nan
2018-03-29,1.079,1.079,0.65,开放申购,开放赎回,nan
2018-03-30,1.086,1.086,0.65,开放申购,开放赎回,nan
2018-04-02,1.08,1.08,-0.55,开放申购,开放赎回,nan
2018-04-03,1.076,1.076,-0.37,开放申购,开放赎回,nan
2018-04-04,1.072,1.072,-0.37,开放申购,开放赎回,nan
2018-04-09,1.065,1.065,-0.65,开放申购,开放赎回,nan
2018-04-10,1.069,1.069,0.38,开放申购,开放赎回,nan
2018-04-11,1.075,1.075,0.56,开放申购,开放赎回,nan
2018-04-12,1.066,1.066,-0.84,开放申购,开放赎回,nan
2018-04-13,1.063,1.063,-0.28,开放申购,开放赎回,nan
2018-04-16,1.052,1.052,-1.03,开放申购,开放赎回,nan
2018-04-17,1.042,1.042,-0.95,开放申购,开放赎回,nan
2018-04-18,1.046,1.046,0.38,开放申购,开放赎回,nan
2018-04-19,1.055,1.055,0.86,开放申购,开放赎回,nan
2018-04-20,1.043,1.043,-1.14,开放申购,开放赎回,nan
2018-04-23,1.04,1.04,-0.29,开放申购,开放赎回,nan
2018-04-24,1.054,1.054,1.35,开放申购,开放赎回,nan
2018-04-25,1.055,1.055,0.09,开放申购,开放赎回,nan
2018-04-26,1.039,1.039,-1.52,开放申购,开放赎回,nan
2018-04-27,1.036,1.036,-0.29,开放申购,开放赎回,nan
2018-05-02,1.04,1.04,0.39,开放申购,开放赎回,nan
2018-05-03,1.053,1.053,1.25,开放申购,开放赎回,nan
2018-05-04,1.053,1.053,0.0,开放申购,开放赎回,nan
2018-05-07,1.066,1.066,1.23,开放申购,开放赎回,nan
2018-05-08,1.072,1.072,0.56,开放申购,开放赎回,nan
2018-05-09,1.072,1.072,0.0,开放申购,开放赎回,nan
2018-05-10,1.074,1.074,0.19,开放申购,开放赎回,nan
2018-05-11,1.071,1.071,-0.28,开放申购,开放赎回,nan
2018-05-14,1.073,1.073,0.19,开放申购,开放赎回,nan
2018-05-15,1.083,1.083,0.93,开放申购,开放赎回,nan
2018-05-16,1.082,1.082,-0.09,开放申购,开放赎回,nan
2018-05-17,1.071,1.071,-1.02,开放申购,开放赎回,nan
2018-05-18,1.074,1.074,0.28,开放申购,开放赎回,nan
2018-05-21,1.082,1.082,0.74,开放申购,开放赎回,nan
2018-05-22,1.081,1.081,-0.09,开放申购,开放赎回,nan
2018-05-23,1.072,1.072,-0.83,开放申购,开放赎回,nan
2018-05-24,1.063,1.063,-0.84,开放申购,开放赎回,nan
2018-05-25,1.057,1.057,-0.56,开放申购,开放赎回,nan
2018-05-28,1.057,1.057,0.0,开放申购,开放赎回,nan
2018-05-29,1.055,1.055,-0.19,开放申购,开放赎回,nan
2018-05-30,1.039,1.039,-1.52,开放申购,开放赎回,nan
2018-05-31,1.043,1.043,0.39,开放申购,开放赎回,nan
2018-06-01,1.036,1.036,-0.67,开放申购,开放赎回,nan
2018-06-04,1.024,1.024,-1.16,开放申购,开放赎回,nan
2018-06-05,1.029,1.029,0.49,开放申购,开放赎回,nan
2018-06-06,1.032,1.032,0.29,开放申购,开放赎回,nan
2018-06-07,1.03,1.03,-0.19,开放申购,开放赎回,nan
2018-06-08,1.028,1.028,-0.19,开放申购,开放赎回,nan
2018-06-11,1.025,1.025,-0.29,开放申购,开放赎回,nan
2018-06-12,1.028,1.028,0.29,开放申购,开放赎回,nan
2018-06-13,1.022,1.022,-0.58,开放申购,开放赎回,nan
2018-06-14,1.013,1.013,-0.88,开放申购,开放赎回,nan
2018-06-15,1.009,1.009,-0.39,开放申购,开放赎回,nan
2018-06-19,0.985,0.985,-2.38,开放申购,开放赎回,nan
2018-06-20,0.992,0.992,0.71,开放申购,开放赎回,nan
2018-06-21,0.984,0.984,-0.81,开放申购,开放赎回,nan
2018-06-22,0.992,0.992,0.81,开放申购,开放赎回,nan
2018-06-25,0.987,0.987,-0.5,开放申购,开放赎回,nan
2018-06-26,0.984,0.984,-0.3,开放申购,开放赎回,nan
2018-06-27,0.98,0.98,-0.41,开放申购,开放赎回,nan
2018-06-28,0.977,0.977,-0.31,开放申购,开放赎回,nan
2018-06-29,0.983,0.983,0.61,开放申购,开放赎回,nan
2018-06-30,0.983,0.983,,开放申购,开放赎回,nan
2018-07-02,0.979,0.979,-0.41,开放申购,开放赎回,nan
2018-07-03,0.982,0.982,0.31,开放申购,开放赎回,nan
2018-07-04,0.974,0.974,-0.81,开放申购,开放赎回,nan
2018-07-05,0.965,0.965,-0.92,开放申购,开放赎回,nan
2018-07-06,0.968,0.968,0.31,开放申购,开放赎回,nan
2018-07-09,0.979,0.979,1.14,开放申购,开放赎回,nan
2018-07-10,0.98,0.98,0.1,开放申购,开放赎回,nan
2018-07-11,0.974,0.974,-0.61,开放申购,开放赎回,nan
2018-07-12,0.98,0.98,0.62,开放申购,开放赎回,nan
2018-07-13,0.98,0.98,0.0,开放申购,开放赎回,nan
2018-07-16,0.981,0.981,0.1,开放申购,开放赎回,nan
2018-07-17,0.981,0.981,0.0,开放申购,开放赎回,nan
2018-07-18,0.984,0.984,0.31,开放申购,开放赎回,nan
2018-07-19,0.985,0.985,0.1,开放申购,开放赎回,nan
2018-07-20,0.988,0.988,0.3,开放申购,开放赎回,nan
2018-07-23,0.989,0.989,0.1,开放申购,开放赎回,nan
2018-07-24,0.997,0.997,0.81,开放申购,开放赎回,nan
2018-07-25,0.998,0.998,0.1,开放申购,开放赎回,nan
2018-07-26,0.993,0.993,-0.5,开放申购,开放赎回,nan
2018-07-27,0.992,0.992,-0.1,开放申购,开放赎回,nan
2018-07-30,0.989,0.989,-0.3,开放申购,开放赎回,nan
2018-07-31,0.988,0.988,-0.1,开放申购,开放赎回,nan
2018-08-01,0.981,0.981,-0.71,开放申购,开放赎回,nan
2018-08-02,0.972,0.972,-0.92,开放申购,开放赎回,nan
2018-08-03,0.964,0.964,-0.82,开放申购,开放赎回,nan
2018-08-06,0.959,0.959,-0.52,开放申购,开放赎回,nan
2018-08-07,0.971,0.971,1.25,开放申购,开放赎回,nan
2018-08-08,0.967,0.967,-0.41,开放申购,开放赎回,nan
2018-08-09,0.975,0.975,0.83,开放申购,开放赎回,nan
2018-08-10,0.974,0.974,-0.1,开放申购,开放赎回,nan
2018-08-13,0.973,0.973,-0.1,开放申购,开放赎回,nan
2018-08-14,0.972,0.972,-0.1,开放申购,开放赎回,nan
2018-08-15,0.962,0.962,-1.03,开放申购,开放赎回,nan
2018-08-16,0.96,0.96,-0.21,开放申购,开放赎回,nan
2018-08-17,0.953,0.953,-0.73,开放申购,开放赎回,nan
2018-08-20,0.956,0.956,0.31,开放申购,开放赎回,nan
2018-08-21,0.96,0.96,0.42,开放申购,开放赎回,nan
2018-08-22,0.959,0.959,-0.1,开放申购,开放赎回,nan
2018-08-23,0.959,0.959,0.0,开放申购,开放赎回,nan
2018-08-24,0.959,0.959,0.0,开放申购,开放赎回,nan
2018-08-27,0.963,0.963,0.42,开放申购,开放赎回,nan
2018-08-28,0.963,0.963,0.0,开放申购,开放赎回,nan
2018-08-29,0.959,0.959,-0.42,开放申购,开放赎回,nan
2018-08-30,0.955,0.955,-0.42,开放申购,开放赎回,nan
2018-08-31,0.949,0.949,-0.63,开放申购,开放赎回,nan
2018-09-03,0.95,0.95,0.11,开放申购,开放赎回,nan
2018-09-04,0.953,0.953,0.32,开放申购,开放赎回,nan
2018-09-05,0.947,0.947,-0.63,开放申购,开放赎回,nan
2018-09-06,0.945,0.945,-0.21,开放申购,开放赎回,nan
2018-09-07,0.945,0.945,0.0,开放申购,开放赎回,nan
2018-09-10,0.938,0.938,-0.74,开放申购,开放赎回,nan
2018-09-11,0.939,0.939,0.11,开放申购,开放赎回,nan
2018-09-12,0.938,0.938,-0.11,开放申购,开放赎回,nan
2018-09-13,0.939,0.939,0.11,开放申购,开放赎回,nan
2018-09-14,0.938,0.938,-0.11,开放申购,开放赎回,nan
2018-09-17,0.935,0.935,-0.32,开放申购,开放赎回,nan
2018-09-18,0.942,0.942,0.75,开放申购,开放赎回,nan
2018-09-19,0.948,0.948,0.64,开放申购,开放赎回,nan
2018-09-20,0.944,0.944,-0.42,开放申购,开放赎回,nan
2018-09-21,0.949,0.949,0.53,开放申购,开放赎回,nan
2018-09-25,0.944,0.944,-0.53,开放申购,开放赎回,nan
2018-09-26,0.952,0.952,0.85,开放申购,开放赎回,nan
2018-09-27,0.947,0.947,-0.53,开放申购,开放赎回,nan
2018-09-28,0.95,0.95,0.32,开放申购,开放赎回,nan
2018-10-08,0.932,0.932,-1.89,开放申购,开放赎回,nan
2018-10-09,0.929,0.929,-0.32,开放申购,开放赎回,nan
2018-10-10,0.919,0.919,-1.08,开放申购,开放赎回,nan
2018-10-11,0.896,0.896,-2.5,开放申购,开放赎回,nan
2018-10-12,0.902,0.902,0.67,开放申购,开放赎回,nan
2018-10-15,0.896,0.896,-0.67,开放申购,开放赎回,nan
2018-10-16,0.892,0.892,-0.45,开放申购,开放赎回,nan
2018-10-17,0.894,0.894,0.22,开放申购,开放赎回,nan
2018-10-18,0.887,0.887,-0.78,开放申购,开放赎回,nan
2018-10-19,0.895,0.895,0.9,开放申购,开放赎回,nan
2018-10-22,0.908,0.908,1.45,开放申购,开放赎回,nan
2018-10-23,0.901,0.901,-0.77,开放申购,开放赎回,nan
2018-10-24,0.901,0.901,0.0,开放申购,开放赎回,nan
2018-10-25,0.9,0.9,-0.11,开放申购,开放赎回,nan
2018-10-26,0.902,0.902,0.22,开放申购,开放赎回,nan
2018-10-29,0.892,0.892,-1.11,开放申购,开放赎回,nan
2018-10-30,0.894,0.894,0.22,开放申购,开放赎回,nan
2018-10-31,0.899,0.899,0.56,开放申购,开放赎回,nan
2018-11-01,0.9,0.9,0.11,开放申购,开放赎回,nan
2018-11-02,0.915,0.915,1.67,开放申购,开放赎回,nan
2018-11-05,0.923,0.923,0.87,开放申购,开放赎回,nan
2018-11-06,0.919,0.919,-0.43,开放申购,开放赎回,nan
2018-11-07,0.918,0.918,-0.11,开放申购,开放赎回,nan
2018-11-08,0.914,0.914,-0.44,开放申购,开放赎回,nan
2018-11-09,0.915,0.915,0.11,开放申购,开放赎回,nan
2018-11-12,0.928,0.928,1.42,开放申购,开放赎回,nan
2018-11-13,0.939,0.939,1.19,开放申购,开放赎回,nan
2018-11-14,0.936,0.936,-0.32,开放申购,开放赎回,nan
2018-11-15,0.939,0.939,0.32,开放申购,开放赎回,nan
2018-11-16,0.943,0.943,0.43,开放申购,开放赎回,nan
2018-11-19,0.945,0.945,0.21,开放申购,开放赎回,nan
2018-11-20,0.93,0.93,-1.59,开放申购,开放赎回,nan
2018-11-21,0.94,0.94,1.08,开放申购,开放赎回,nan
2018-11-22,0.937,0.937,-0.32,开放申购,开放赎回,nan
2018-11-23,0.928,0.928,-0.96,开放申购,开放赎回,nan
2018-11-26,0.928,0.928,0.0,开放申购,开放赎回,nan
2018-11-27,0.934,0.934,0.65,开放申购,开放赎回,nan
2018-11-28,0.951,0.951,1.82,开放申购,开放赎回,nan
2018-11-29,0.941,0.941,-1.05,开放申购,开放赎回,nan
2018-11-30,0.945,0.945,0.43,开放申购,开放赎回,nan
2018-12-03,0.961,0.961,1.69,开放申购,开放赎回,nan
2018-12-04,0.961,0.961,0.0,开放申购,开放赎回,nan
2018-12-05,0.962,0.962,0.1,开放申购,开放赎回,nan
2018-12-06,0.956,0.956,-0.62,开放申购,开放赎回,nan
2018-12-07,0.962,0.962,0.63,开放申购,开放赎回,nan
2018-12-10,0.956,0.956,-0.62,开放申购,开放赎回,nan
2018-12-11,0.956,0.956,0.0,开放申购,开放赎回,nan
2018-12-12,0.959,0.959,0.31,开放申购,开放赎回,nan
2018-12-13,0.972,0.972,1.36,开放申购,开放赎回,nan
2018-12-14,0.958,0.958,-1.44,开放申购,开放赎回,nan
2018-12-17,0.955,0.955,-0.31,开放申购,开放赎回,nan
2018-12-18,0.951,0.951,-0.42,开放申购,开放赎回,nan
2018-12-19,0.941,0.941,-1.05,开放申购,开放赎回,nan
2018-12-20,0.942,0.942,0.11,开放申购,开放赎回,nan
2018-12-21,0.937,0.937,-0.53,开放申购,开放赎回,nan
2018-12-24,0.95,0.95,1.39,开放申购,开放赎回,nan
2018-12-25,0.951,0.951,0.11,开放申购,开放赎回,nan
2018-12-26,0.95,0.95,-0.11,开放申购,开放赎回,nan
2018-12-27,0.942,0.942,-0.84,开放申购,开放赎回,nan
2018-12-28,0.943,0.943,0.11,开放申购,开放赎回,nan
2018-12-31,0.943,0.943,,开放申购,开放赎回,nan
2019-01-02,0.94,0.94,-0.32,开放申购,开放赎回,nan
2019-01-03,0.932,0.932,-0.85,开放申购,开放赎回,nan
2019-01-04,0.948,0.948,1.72,开放申购,开放赎回,nan
2019-01-07,0.956,0.956,0.84,开放申购,开放赎回,nan
2019-01-08,0.962,0.962,0.63,开放申购,开放赎回,nan
2019-01-09,0.964,0.964,0.21,开放申购,开放赎回,nan
2019-01-10,0.982,0.982,1.87,开放申购,开放赎回,nan
2019-01-11,0.978,0.978,-0.41,开放申购,开放赎回,nan
2019-01-14,0.973,0.973,-0.51,开放申购,开放赎回,nan
2019-01-15,0.985,0.985,1.23,开放申购,开放赎回,nan
2019-01-16,0.983,0.983,-0.2,开放申购,开放赎回,nan
2019-01-17,0.973,0.973,-1.02,开放申购,开放赎回,nan
2019-01-18,0.985,0.985,1.23,开放申购,开放赎回,nan
2019-01-21,0.994,0.994,0.91,开放申购,开放赎回,nan
2019-01-22,0.984,0.984,-1.01,开放申购,开放赎回,nan
2019-01-23,0.983,0.983,-0.1,开放申购,开放赎回,nan
2019-01-24,1.0,1.0,1.73,开放申购,开放赎回,nan
2019-01-25,1.013,1.013,1.3,开放申购,开放赎回,nan
2019-01-28,1.032,1.032,1.88,开放申购,开放赎回,nan
2019-01-29,1.029,1.029,-0.29,开放申购,开放赎回,nan
2019-01-30,1.032,1.032,0.29,开放申购,开放赎回,nan
2019-01-31,1.035,1.035,0.29,开放申购,开放赎回,nan
2019-02-01,1.061,1.061,2.51,开放申购,开放赎回,nan
2019-02-11,1.08,1.08,1.79,开放申购,开放赎回,nan
2019-02-12,1.088,1.088,0.74,开放申购,开放赎回,nan
2019-02-13,1.095,1.095,0.64,开放申购,开放赎回,nan
2019-02-14,1.097,1.097,0.18,开放申购,开放赎回,nan
2019-02-15,1.084,1.084,-1.19,开放申购,开放赎回,nan
2019-02-18,1.118,1.118,3.14,开放申购,开放赎回,nan
2019-02-19,1.115,1.115,-0.27,开放申购,开放赎回,nan
2019-02-20,1.121,1.121,0.54,开放申购,开放赎回,nan
2019-02-21,1.121,1.121,0.0,开放申购,开放赎回,nan
2019-02-22,1.136,1.136,1.34,开放申购,开放赎回,nan
2019-02-25,1.184,1.184,4.23,开放申购,开放赎回,nan
2019-02-26,1.162,1.162,-1.86,开放申购,开放赎回,nan
2019-02-27,1.139,1.139,-1.98,开放申购,开放赎回,nan
2019-02-28,1.153,1.153,1.23,开放申购,开放赎回,nan
2019-03-01,1.168,1.168,1.3,开放申购,开放赎回,nan
2019-03-04,1.18,1.18,1.03,开放申购,开放赎回,nan
2019-03-05,1.213,1.213,2.8,开放申购,开放赎回,nan
2019-03-06,1.213,1.213,0.0,开放申购,开放赎回,nan
2019-03-07,1.197,1.197,-1.32,开放申购,开放赎回,nan
2019-03-08,1.169,1.169,-2.34,开放申购,开放赎回,nan
2019-03-11,1.219,1.219,4.28,开放申购,开放赎回,nan
2019-03-12,1.244,1.244,2.05,开放申购,开放赎回,nan
2019-03-13,1.22,1.22,-1.93,开放申购,开放赎回,nan
2019-03-14,1.209,1.209,-0.9,开放申购,开放赎回,nan
2019-03-15,1.238,1.238,2.4,开放申购,开放赎回,nan
2019-03-18,1.266,1.266,2.26,开放申购,开放赎回,nan
2019-03-19,1.272,1.272,0.47,开放申购,开放赎回,nan
2019-03-20,1.281,1.281,0.71,开放申购,开放赎回,nan
2019-03-21,1.28,1.28,-0.08,开放申购,开放赎回,nan
2019-03-22,1.268,1.268,-0.94,开放申购,开放赎回,nan
2019-03-25,1.267,1.267,-0.08,开放申购,开放赎回,nan
2019-03-26,1.248,1.248,-1.5,开放申购,开放赎回,nan
2019-03-27,1.249,1.249,0.08,开放申购,开放赎回,nan
2019-03-28,1.248,1.248,-0.08,开放申购,开放赎回,nan
2019-03-29,1.272,1.272,1.92,开放申购,开放赎回,nan
2019-04-01,1.317,1.317,3.54,开放申购,开放赎回,nan
2019-04-02,1.308,1.308,-0.68,开放申购,开放赎回,nan
2019-04-03,1.302,1.302,-0.46,开放申购,开放赎回,nan
2019-04-04,1.306,1.306,0.31,开放申购,开放赎回,nan
2019-04-08,1.3,1.3,-0.46,开放申购,开放赎回,nan
2019-04-09,1.299,1.299,-0.08,开放申购,开放赎回,nan
2019-04-10,1.296,1.296,-0.23,开放申购,开放赎回,nan
2019-04-11,1.266,1.266,-2.31,开放申购,开放赎回,nan
2019-04-12,1.258,1.258,-0.63,开放申购,开放赎回,nan
2019-04-15,1.247,1.247,-0.87,开放申购,开放赎回,nan
2019-04-16,1.271,1.271,1.92,开放申购,开放赎回,nan
2019-04-17,1.288,1.288,1.34,开放申购,开放赎回,nan
2019-04-18,1.287,1.287,-0.08,开放申购,开放赎回,nan
2019-04-19,1.296,1.296,0.7,开放申购,开放赎回,nan
2019-04-22,1.273,1.273,-1.77,开放申购,开放赎回,nan
2019-04-23,1.26,1.26,-1.02,开放申购,开放赎回,nan
2019-04-24,1.271,1.271,0.87,开放申购,开放赎回,nan
2019-04-25,1.237,1.237,-2.68,开放申购,开放赎回,nan
2019-04-26,1.224,1.224,-1.05,开放申购,开放赎回,nan
2019-04-29,1.22,1.22,-0.33,开放申购,开放赎回,nan
2019-04-30,1.225,1.225,0.41,开放申购,开放赎回,nan
2019-05-06,1.158,1.158,-5.47,开放申购,开放赎回,nan
2019-05-07,1.183,1.183,2.16,开放申购,开放赎回,nan
2019-05-08,1.169,1.169,-1.18,开放申购,开放赎回,nan
2019-05-09,1.17,1.17,0.09,开放申购,开放赎回,nan
2019-05-10,1.213,1.213,3.68,开放申购,开放赎回,nan
2019-05-13,1.189,1.189,-1.98,开放申购,开放赎回,nan
2019-05-14,1.181,1.181,-0.67,开放申购,开放赎回,nan
2019-05-15,1.214,1.214,2.79,开放申购,开放赎回,nan
2019-05-16,1.214,1.214,0.0,开放申购,开放赎回,nan
2019-05-17,1.178,1.178,-2.97,开放申购,开放赎回,nan
2019-05-20,1.165,1.165,-1.1,开放申购,开放赎回,nan
2019-05-21,1.182,1.182,1.46,开放申购,开放赎回,nan
2019-05-22,1.179,1.179,-0.25,开放申购,开放赎回,nan
2019-05-23,1.153,1.153,-2.21,开放申购,开放赎回,nan
2019-05-24,1.151,1.151,-0.17,开放申购,开放赎回,nan
2019-05-27,1.179,1.179,2.43,开放申购,开放赎回,nan
2019-05-28,1.183,1.183,0.34,开放申购,开放赎回,nan
2019-05-29,1.173,1.173,-0.85,开放申购,开放赎回,nan
2019-05-30,1.159,1.159,-1.19,开放申购,开放赎回,nan
2019-05-31,1.172,1.172,1.12,开放申购,开放赎回,nan
2019-06-03,1.166,1.166,-0.51,开放申购,开放赎回,nan
2019-06-04,1.157,1.157,-0.77,开放申购,开放赎回,nan
2019-06-05,1.157,1.157,0.0,开放申购,开放赎回,nan
2019-06-06,1.14,1.14,-1.47,开放申购,开放赎回,nan
2019-06-10,1.154,1.154,1.23,开放申购,开放赎回,nan
2019-06-11,1.184,1.184,2.6,开放申购,开放赎回,nan
2019-06-12,1.173,1.173,-0.93,开放申购,开放赎回,nan
2019-06-13,1.17,1.17,-0.26,开放申购,开放赎回,nan
2019-06-14,1.152,1.152,-1.54,开放申购,开放赎回,nan
2019-06-17,1.146,1.146,-0.52,开放申购,开放赎回,nan
2019-06-18,1.146,1.146,0.0,开放申购,开放赎回,nan
2019-06-19,1.17,1.17,2.09,开放申购,开放赎回,nan
2019-06-20,1.19,1.19,1.71,开放申购,开放赎回,nan
2019-06-21,1.2,1.2,0.84,开放申购,开放赎回,nan
2019-06-24,1.208,1.208,0.67,开放申购,开放赎回,nan
2019-06-25,1.202,1.202,-0.5,开放申购,开放赎回,nan
2019-06-26,1.21,1.21,0.67,开放申购,开放赎回,nan
2019-06-27,1.225,1.225,1.24,开放申购,开放赎回,nan
2019-06-28,1.221,1.221,-0.33,开放申购,开放赎回,nan
2019-06-30,1.221,1.221,,开放申购,开放赎回,nan
2019-07-01,1.255,1.255,2.78,开放申购,开放赎回,nan
2019-07-02,1.255,1.255,0.0,开放申购,开放赎回,nan
2019-07-03,1.247,1.247,-0.64,开放申购,开放赎回,nan
2019-07-04,1.24,1.24,-0.56,开放申购,开放赎回,nan
2019-07-05,1.25,1.25,0.81,开放申购,开放赎回,nan
2019-07-08,1.22,1.22,-2.4,开放申购,开放赎回,nan
2019-07-09,1.217,1.217,-0.25,开放申购,开放赎回,nan
2019-07-10,1.222,1.222,0.41,开放申购,开放赎回,nan
2019-07-11,1.218,1.218,-0.33,开放申购,开放赎回,nan
2019-07-12,1.238,1.238,1.64,开放申购,开放赎回,nan
2019-07-15,1.245,1.245,0.57,开放申购,开放赎回,nan
2019-07-16,1.236,1.236,-0.72,开放申购,开放赎回,nan
2019-07-17,1.239,1.239,0.24,开放申购,开放赎回,nan
2019-07-18,1.223,1.223,-1.29,开放申购,开放赎回,nan
2019-07-19,1.227,1.227,0.33,开放申购,开放赎回,nan
2019-07-22,1.216,1.216,-0.9,开放申购,开放赎回,nan
2019-07-23,1.225,1.225,0.74,开放申购,开放赎回,nan
2019-07-24,1.241,1.241,1.31,开放申购,开放赎回,nan
2019-07-25,1.246,1.246,0.4,开放申购,开放赎回,nan
2019-07-26,1.253,1.253,0.56,开放申购,开放赎回,nan
2019-07-29,1.253,1.253,0.0,开放申购,开放赎回,nan
2019-07-30,1.256,1.256,0.24,开放申购,开放赎回,nan
2019-07-31,1.251,1.251,-0.4,开放申购,开放赎回,nan
2019-08-01,1.24,1.24,-0.88,开放申购,开放赎回,nan
2019-08-02,1.23,1.23,-0.81,开放申购,开放赎回,nan
2019-08-05,1.215,1.215,-1.22,开放申购,开放赎回,nan
2019-08-06,1.21,1.21,-0.41,开放申购,开放赎回,nan
2019-08-07,1.2,1.2,-0.83,开放申购,开放赎回,nan
2019-08-08,1.221,1.221,1.75,开放申购,开放赎回,nan
2019-08-09,1.204,1.204,-1.39,开放申购,开放赎回,nan
2019-08-12,1.23,1.23,2.16,开放申购,开放赎回,nan
2019-08-13,1.217,1.217,-1.06,开放申购,开放赎回,nan
2019-08-14,1.222,1.222,0.41,开放申购,开放赎回,nan
2019-08-15,1.226,1.226,0.33,开放申购,开放赎回,nan
2019-08-16,1.229,1.229,0.24,开放申购,开放赎回,nan
2019-08-19,1.26,1.26,2.52,开放申购,开放赎回,nan
2019-08-20,1.262,1.262,0.16,开放申购,开放赎回,nan
2019-08-21,1.288,1.288,2.06,开放申购,开放赎回,nan
2019-08-22,1.303,1.303,1.16,开放申购,开放赎回,nan
2019-08-23,1.312,1.312,0.69,开放申购,开放赎回,nan
2019-08-26,1.311,1.311,-0.08,开放申购,开放赎回,nan
2019-08-27,1.334,1.334,1.75,开放申购,开放赎回,nan
2019-08-28,1.335,1.335,0.08,开放申购,开放赎回,nan
2019-08-29,1.331,1.331,-0.3,开放申购,开放赎回,nan
2019-08-30,1.321,1.321,-0.75,开放申购,开放赎回,nan
2019-09-02,1.372,1.372,3.86,开放申购,开放赎回,nan
2019-09-03,1.379,1.379,0.51,开放申购,开放赎回,nan
2019-09-04,1.389,1.389,0.73,开放申购,开放赎回,nan
2019-09-05,1.386,1.386,-0.22,开放申购,开放赎回,nan
2019-09-06,1.386,1.386,0.0,开放申购,开放赎回,nan
2019-09-09,1.425,1.425,2.81,开放申购,开放赎回,nan
2019-09-10,1.422,1.422,-0.21,开放申购,开放赎回,nan
2019-09-11,1.41,1.41,-0.84,开放申购,开放赎回,nan
2019-09-12,1.416,1.416,0.43,开放申购,开放赎回,nan
2019-09-16,1.408,1.408,-0.57,开放申购,开放赎回,nan
2019-09-17,1.382,1.382,-1.85,开放申购,开放赎回,nan
2019-09-18,1.38,1.38,-0.14,开放申购,开放赎回,nan
2019-09-19,1.397,1.397,1.23,开放申购,开放赎回,nan
2019-09-20,1.396,1.396,-0.07,开放申购,开放赎回,nan
2019-09-23,1.39,1.39,-0.43,开放申购,开放赎回,nan
2019-09-24,1.411,1.411,1.51,开放申购,开放赎回,nan
2019-09-25,1.387,1.387,-1.7,开放申购,开放赎回,nan
2019-09-26,1.352,1.352,-2.52,开放申购,开放赎回,nan
2019-09-27,1.373,1.373,1.55,开放申购,开放赎回,nan
2019-09-30,1.365,1.365,-0.58,开放申购,开放赎回,nan
2019-10-08,1.38,1.38,1.1,开放申购,开放赎回,nan
2019-10-09,1.385,1.385,0.36,开放申购,开放赎回,nan
2019-10-10,1.398,1.398,0.94,开放申购,开放赎回,nan
2019-10-11,1.39,1.39,-0.57,开放申购,开放赎回,nan
2019-10-14,1.398,1.398,0.58,开放申购,开放赎回,nan
2019-10-15,1.381,1.381,-1.22,开放申购,开放赎回,nan
2019-10-16,1.371,1.371,-0.72,开放申购,开放赎回,nan
2019-10-17,1.362,1.362,-0.66,开放申购,开放赎回,nan
2019-10-18,1.341,1.341,-1.54,开放申购,开放赎回,nan
2019-10-21,1.339,1.339,-0.15,开放申购,开放赎回,nan
2019-10-22,1.349,1.349,0.75,开放申购,开放赎回,nan
2019-10-23,1.34,1.34,-0.67,开放申购,开放赎回,nan
2019-10-24,1.334,1.334,-0.45,开放申购,开放赎回,nan
2019-10-25,1.341,1.341,0.52,开放申购,开放赎回,nan
2019-10-28,1.357,1.357,1.19,开放申购,开放赎回,nan
2019-10-29,1.355,1.355,-0.15,开放申购,开放赎回,nan
2019-10-30,1.351,1.351,-0.3,开放申购,开放赎回,nan
2019-10-31,1.354,1.354,0.22,开放申购,开放赎回,nan
2019-11-01,1.382,1.382,2.07,开放申购,开放赎回,nan
2019-11-04,1.388,1.388,0.43,开放申购,开放赎回,nan
2019-11-05,1.403,1.403,1.08,开放申购,开放赎回,nan
2019-11-06,1.402,1.402,-0.07,开放申购,开放赎回,nan
2019-11-07,1.399,1.399,-0.21,开放申购,开放赎回,nan
2019-11-08,1.399,1.399,0.0,开放申购,开放赎回,nan
2019-11-11,1.362,1.362,-2.64,开放申购,开放赎回,nan
2019-11-12,1.353,1.353,-0.66,开放申购,开放赎回,nan
2019-11-13,1.362,1.362,0.67,开放申购,开放赎回,nan
2019-11-14,1.365,1.365,0.22,开放申购,开放赎回,nan
2019-11-15,1.352,1.352,-0.95,开放申购,开放赎回,nan
2019-11-18,1.368,1.368,1.18,开放申购,开放赎回,nan
2019-11-19,1.386,1.386,1.32,开放申购,开放赎回,nan
2019-11-20,1.378,1.378,-0.58,开放申购,开放赎回,nan
2019-11-21,1.368,1.368,-0.73,开放申购,开放赎回,nan
2019-11-22,1.365,1.365,-0.22,开放申购,开放赎回,nan
2019-11-25,1.366,1.366,0.07,开放申购,开放赎回,nan
2019-11-26,1.365,1.365,-0.07,开放申购,开放赎回,nan
2019-11-27,1.367,1.367,0.15,开放申购,开放赎回,nan
2019-11-28,1.36,1.36,-0.51,开放申购,开放赎回,nan
2019-11-29,1.357,1.357,-0.22,开放申购,开放赎回,nan
2019-12-02,1.363,1.363,0.44,开放申购,开放赎回,nan
2019-12-03,1.371,1.371,0.59,开放申购,开放赎回,nan
2019-12-04,1.373,1.373,0.15,开放申购,开放赎回,nan
2019-12-05,1.385,1.385,0.87,开放申购,开放赎回,nan
2019-12-06,1.405,1.405,1.44,开放申购,开放赎回,nan
2019-12-09,1.413,1.413,0.57,开放申购,开放赎回,nan
2019-12-10,1.418,1.418,0.35,开放申购,开放赎回,nan
2019-12-11,1.41,1.41,-0.56,开放申购,开放赎回,nan
2019-12-12,1.41,1.41,0.0,开放申购,开放赎回,nan
2019-12-13,1.442,1.442,2.27,开放申购,开放赎回,nan
2019-12-16,1.454,1.454,0.83,开放申购,开放赎回,nan
2019-12-17,1.46,1.46,0.41,开放申购,开放赎回,nan
2019-12-18,1.456,1.456,-0.27,开放申购,开放赎回,nan
2019-12-19,1.453,1.453,-0.21,开放申购,开放赎回,nan
2019-12-20,1.444,1.444,-0.62,开放申购,开放赎回,nan
2019-12-23,1.437,1.437,-0.48,开放申购,开放赎回,nan
2019-12-24,1.443,1.443,0.42,开放申购,开放赎回,nan
2019-12-25,1.453,1.453,0.69,开放申购,开放赎回,nan
2019-12-26,1.465,1.465,0.83,开放申购,开放赎回,nan
2019-12-27,1.461,1.461,-0.27,开放申购,开放赎回,nan
2019-12-30,1.505,1.505,3.01,开放申购,开放赎回,nan
2019-12-31,1.511,1.511,0.4,开放申购,开放赎回,nan
2020-01-02,1.543,1.543,2.12,开放申购,开放赎回,nan
2020-01-03,1.545,1.545,0.13,开放申购,开放赎回,nan
2020-01-06,1.544,1.544,-0.06,开放申购,开放赎回,nan
2020-01-07,1.557,1.557,0.84,开放申购,开放赎回,nan
2020-01-08,1.554,1.554,-0.19,开放申购,开放赎回,nan
2020-01-09,1.579,1.579,1.61,开放申购,开放赎回,nan
2020-01-10,1.58,1.58,0.06,开放申购,开放赎回,nan
2020-01-13,1.601,1.601,1.33,开放申购,开放赎回,nan
2020-01-14,1.594,1.594,-0.44,开放申购,开放赎回,nan
2020-01-15,1.593,1.593,-0.06,开放申购,开放赎回,nan
2020-01-16,1.601,1.601,0.5,开放申购,开放赎回,nan
2020-01-17,1.596,1.596,-0.31,开放申购,开放赎回,nan
2020-01-20,1.622,1.622,1.63,开放申购,开放赎回,nan
2020-01-21,1.602,1.602,-1.23,开放申购,开放赎回,nan
2020-01-22,1.61,1.61,0.5,开放申购,开放赎回,nan
2020-01-23,1.549,1.549,-3.79,开放申购,开放赎回,nan
2020-02-03,1.443,1.443,-6.84,开放申购,开放赎回,nan
2020-02-04,1.516,1.516,5.06,开放申购,开放赎回,nan
2020-02-05,1.553,1.553,2.44,开放申购,开放赎回,nan
2020-02-06,1.592,1.592,2.51,开放申购,开放赎回,nan
2020-02-07,1.608,1.608,1.01,开放申购,开放赎回,nan
2020-02-10,1.656,1.656,2.99,开放申购,开放赎回,nan
2020-02-11,1.648,1.648,-0.48,开放申购,开放赎回,nan
2020-02-12,1.699,1.699,3.09,开放申购,开放赎回,nan
2020-02-13,1.681,1.681,-1.06,开放申购,开放赎回,nan
2020-02-14,1.661,1.661,-1.19,开放申购,开放赎回,nan
2020-02-17,1.711,1.711,3.01,开放申购,开放赎回,nan
2020-02-18,1.727,1.727,0.94,开放申购,开放赎回,nan
2020-02-19,1.704,1.704,-1.33,开放申购,开放赎回,nan
2020-02-20,1.735,1.735,1.82,开放申购,开放赎回,nan
2020-02-21,1.744,1.744,0.52,开放申购,开放赎回,nan
2020-02-24,1.744,1.744,0.0,开放申购,开放赎回,nan
2020-02-25,1.733,1.733,-0.63,开放申购,开放赎回,nan
2020-02-26,1.679,1.679,-3.12,开放申购,开放赎回,nan
2020-02-27,1.705,1.705,1.55,开放申购,开放赎回,nan
2020-02-28,1.63,1.63,-4.4,开放申购,开放赎回,nan
2020-03-02,1.691,1.691,3.74,开放申购,开放赎回,nan
2020-03-03,1.707,1.707,0.95,开放申购,开放赎回,nan
2020-03-04,1.718,1.718,0.64,开放申购,开放赎回,nan
2020-03-05,1.729,1.729,0.64,开放申购,开放赎回,nan
2020-03-06,1.712,1.712,-0.98,开放申购,开放赎回,nan
2020-03-09,1.632,1.632,-4.67,开放申购,开放赎回,nan
2020-03-10,1.675,1.675,2.63,开放申购,开放赎回,nan
2020-03-11,1.648,1.648,-1.61,开放申购,开放赎回,nan
2020-03-12,1.598,1.598,-3.03,开放申购,开放赎回,nan
2020-03-13,1.579,1.579,-1.19,开放申购,开放赎回,nan
2020-03-16,1.484,1.484,-6.02,开放申购,开放赎回,nan
2020-03-17,1.487,1.487,0.2,开放申购,开放赎回,nan
2020-03-18,1.471,1.471,-1.08,开放申购,开放赎回,nan
2020-03-19,1.467,1.467,-0.27,开放申购,开放赎回,nan
2020-03-20,1.477,1.477,0.68,开放申购,开放赎回,nan
2020-03-23,1.413,1.413,-4.33,开放申购,开放赎回,nan
2020-03-24,1.449,1.449,2.55,开放申购,开放赎回,nan
2020-03-25,1.494,1.494,3.11,开放申购,开放赎回,nan
2020-03-26,1.476,1.476,-1.2,开放申购,开放赎回,nan
2020-03-27,1.476,1.476,0.0,开放申购,开放赎回,nan
2020-03-30,1.455,1.455,-1.42,开放申购,开放赎回,nan
2020-03-31,1.453,1.453,-0.14,开放申购,开放赎回,nan
2020-04-01,1.46,1.46,0.48,开放申购,开放赎回,nan
2020-04-02,1.495,1.495,2.4,开放申购,开放赎回,nan
2020-04-03,1.489,1.489,-0.4,开放申购,开放赎回,nan
2020-04-07,1.53,1.53,2.75,开放申购,开放赎回,nan
2020-04-08,1.528,1.528,-0.13,开放申购,开放赎回,nan
2020-04-09,1.533,1.533,0.33,开放申购,开放赎回,nan
2020-04-10,1.511,1.511,-1.44,开放申购,开放赎回,nan
2020-04-13,1.494,1.494,-1.13,开放申购,开放赎回,nan
2020-04-14,1.537,1.537,2.88,开放申购,开放赎回,nan
2020-04-15,1.545,1.545,0.52,开放申购,开放赎回,nan
2020-04-16,1.556,1.556,0.71,开放申购,开放赎回,nan
2020-04-17,1.581,1.581,1.61,开放申购,开放赎回,nan
2020-04-20,1.6,1.6,1.2,开放申购,开放赎回,nan
2020-04-21,1.582,1.582,-1.13,开放申购,开放赎回,nan
2020-04-22,1.592,1.592,0.63,开放申购,开放赎回,nan
2020-04-23,1.579,1.579,-0.82,开放申购,开放赎回,nan
2020-04-24,1.57,1.57,-0.57,开放申购,开放赎回,nan
2020-04-27,1.58,1.58,0.64,开放申购,开放赎回,nan
2020-04-28,1.595,1.595,0.95,开放申购,开放赎回,nan
2020-04-29,1.613,1.613,1.13,开放申购,开放赎回,nan
2020-04-30,1.662,1.662,3.04,开放申购,开放赎回,nan
2020-05-06,1.682,1.682,1.2,开放申购,开放赎回,nan
2020-05-07,1.68,1.68,-0.12,开放申购,开放赎回,nan
2020-05-08,1.699,1.699,1.13,开放申购,开放赎回,nan
2020-05-11,1.699,1.699,0.0,开放申购,开放赎回,nan
2020-05-12,1.716,1.716,1.0,开放申购,开放赎回,nan
2020-05-13,1.725,1.725,0.52,开放申购,开放赎回,nan
2020-05-14,1.708,1.708,-0.99,开放申购,开放赎回,nan
2020-05-15,1.708,1.708,0.0,开放申购,开放赎回,nan
2020-05-18,1.694,1.694,-0.82,开放申购,开放赎回,nan
2020-05-19,1.728,1.728,2.01,开放申购,开放赎回,nan
2020-05-20,1.722,1.722,-0.35,开放申购,开放赎回,nan
2020-05-21,1.702,1.702,-1.16,开放申购,开放赎回,nan
2020-05-22,1.668,1.668,-2.0,开放申购,开放赎回,nan
2020-05-25,1.669,1.669,0.06,开放申购,开放赎回,nan
2020-05-26,1.698,1.698,1.74,开放申购,开放赎回,nan
2020-05-27,1.683,1.683,-0.88,开放申购,开放赎回,nan
2020-05-28,1.678,1.678,-0.3,开放申购,开放赎回,nan
2020-05-29,1.7,1.7,1.31,开放申购,开放赎回,nan
2020-06-01,1.757,1.757,3.35,开放申购,开放赎回,nan
2020-06-02,1.773,1.773,0.91,开放申购,开放赎回,nan
2020-06-03,1.782,1.782,0.51,开放申购,开放赎回,nan
2020-06-04,1.786,1.786,0.22,开放申购,开放赎回,nan
2020-06-05,1.79,1.79,0.22,开放申购,开放赎回,nan
2020-06-08,1.815,1.815,1.4,开放申购,开放赎回,nan
2020-06-09,1.821,1.821,0.33,开放申购,开放赎回,nan
2020-06-10,1.845,1.845,1.32,开放申购,开放赎回,nan
2020-06-11,1.83,1.83,-0.81,开放申购,开放赎回,nan
2020-06-12,1.816,1.816,-0.77,开放申购,开放赎回,nan
2020-06-15,1.8,1.8,-0.88,开放申购,开放赎回,nan
2020-06-16,1.846,1.846,2.56,开放申购,开放赎回,nan
2020-06-17,1.846,1.846,0.0,开放申购,开放赎回,nan
2020-06-18,1.868,1.868,1.19,开放申购,开放赎回,nan
2020-06-19,1.896,1.896,1.5,开放申购,开放赎回,nan
2020-06-22,1.9,1.9,0.21,开放申购,开放赎回,nan
2020-06-23,1.905,1.905,0.26,开放申购,开放赎回,nan
2020-06-24,1.921,1.921,0.84,开放申购,开放赎回,nan
2020-06-29,1.941,1.941,1.04,开放申购,开放赎回,nan
2020-06-30,1.977,1.977,1.85,开放申购,开放赎回,nan
2020-07-01,1.982,1.982,0.25,开放申购,开放赎回,nan
2020-07-02,2.009,2.009,1.36,开放申购,开放赎回,nan
2020-07-03,2.003,2.003,-0.3,开放申购,开放赎回,nan
2020-07-06,2.073,2.073,3.49,开放申购,开放赎回,nan
2020-07-07,2.125,2.125,2.51,开放申购,开放赎回,nan
2020-07-08,2.177,2.177,2.45,开放申购,开放赎回,nan
2020-07-09,2.217,2.217,1.84,开放申购,开放赎回,nan
2020-07-10,2.186,2.186,-1.4,开放申购,开放赎回,nan
2020-07-13,2.25,2.25,2.93,开放申购,开放赎回,nan
2020-07-14,2.222,2.222,-1.24,开放申购,开放赎回,nan
2020-07-15,2.215,2.215,-0.32,开放申购,开放赎回,nan
2020-07-16,2.126,2.126,-4.02,开放申购,开放赎回,nan
2020-07-17,2.176,2.176,2.35,开放申购,开放赎回,nan
2020-07-20,2.269,2.269,4.27,开放申购,开放赎回,nan
2020-07-21,2.266,2.266,-0.13,开放申购,开放赎回,nan
2020-07-22,2.278,2.278,0.53,开放申购,开放赎回,nan
2020-07-23,2.3,2.3,0.97,开放申购,开放赎回,nan
2020-07-24,2.2,2.2,-4.35,开放申购,开放赎回,nan
2020-07-27,2.233,2.233,1.5,开放申购,开放赎回,nan
2020-07-28,2.248,2.248,0.67,开放申购,开放赎回,nan
2020-07-29,2.321,2.321,3.25,开放申购,开放赎回,nan
2020-07-30,2.353,2.353,1.38,开放申购,开放赎回,nan
2020-07-31,2.377,2.377,1.02,开放申购,开放赎回,nan
2020-08-03,2.426,2.426,2.06,开放申购,开放赎回,nan
2020-08-04,2.389,2.389,-1.53,开放申购,开放赎回,nan
2020-08-05,2.39,2.39,0.04,开放申购,开放赎回,nan
2020-08-06,2.377,2.377,-0.54,开放申购,开放赎回,nan
2020-08-07,2.384,2.384,0.29,开放申购,开放赎回,nan
2020-08-10,2.399,2.399,0.63,开放申购,开放赎回,nan
2020-08-11,2.371,2.371,-1.17,开放申购,开放赎回,nan
2020-08-12,2.333,2.333,-1.6,开放申购,开放赎回,nan
2020-08-13,2.356,2.356,0.99,开放申购,开放赎回,nan
2020-08-14,2.381,2.381,1.06,开放申购,开放赎回,nan
2020-08-17,2.419,2.419,1.6,开放申购,开放赎回,nan
2020-08-18,2.421,2.421,0.08,开放申购,开放赎回,nan
2020-08-19,2.37,2.37,-2.11,开放申购,开放赎回,nan
2020-08-20,2.346,2.346,-1.01,开放申购,开放赎回,nan
2020-08-21,2.352,2.352,0.26,开放申购,开放赎回,nan
2020-08-24,2.425,2.425,3.1,开放申购,开放赎回,nan
2020-08-25,2.435,2.435,0.41,开放申购,开放赎回,nan
2020-08-26,2.402,2.402,-1.36,开放申购,开放赎回,nan
2020-08-27,2.425,2.425,0.96,开放申购,开放赎回,nan
2020-08-28,2.459,2.459,1.4,开放申购,开放赎回,nan
2020-08-31,2.459,2.459,0.0,开放申购,开放赎回,nan
2020-09-01,2.497,2.497,1.55,开放申购,开放赎回,nan
2020-09-02,2.516,2.516,0.76,开放申购,开放赎回,nan
2020-09-03,2.488,2.488,-1.11,开放申购,开放赎回,nan
2020-09-04,2.478,2.478,-0.4,开放申购,开放赎回,nan
2020-09-07,2.413,2.413,-2.62,开放申购,开放赎回,nan
2020-09-08,2.416,2.416,0.12,开放申购,开放赎回,nan
2020-09-09,2.351,2.351,-2.69,开放申购,开放赎回,nan
2020-09-10,2.348,2.348,-0.13,开放申购,开放赎回,nan
2020-09-11,2.431,2.431,3.53,开放申购,开放赎回,nan
2020-09-14,2.462,2.462,1.28,开放申购,开放赎回,nan
2020-09-15,2.483,2.483,0.85,开放申购,开放赎回,nan
2020-09-16,2.478,2.478,-0.2,开放申购,开放赎回,nan
2020-09-17,2.5,2.5,0.89,开放申购,开放赎回,nan
2020-09-18,2.519,2.519,0.76,开放申购,开放赎回,nan
2020-09-21,2.51,2.51,-0.36,开放申购,开放赎回,nan
2020-09-22,2.468,2.468,-1.67,开放申购,开放赎回,nan
2020-09-23,2.512,2.512,1.78,开放申购,开放赎回,nan
2020-09-24,2.449,2.449,-2.51,开放申购,开放赎回,nan
2020-09-25,2.449,2.449,0.0,开放申购,开放赎回,nan
2020-09-28,2.457,2.457,0.33,开放申购,开放赎回,nan
2020-09-29,2.471,2.471,0.57,开放申购,开放赎回,nan
2020-09-30,2.487,2.487,0.65,开放申购,开放赎回,nan
2020-10-09,2.602,2.602,4.62,开放申购,开放赎回,nan
2020-10-12,2.659,2.659,2.19,开放申购,开放赎回,nan
2020-10-13,2.695,2.695,1.35,开放申购,开放赎回,nan
2020-10-14,2.665,2.665,-1.11,开放申购,开放赎回,nan
2020-10-15,2.652,2.652,-0.49,开放申购,开放赎回,nan
2020-10-16,2.615,2.615,-1.4,开放申购,开放赎回,nan
2020-10-19,2.58,2.58,-1.34,开放申购,开放赎回,nan
2020-10-20,2.604,2.604,0.93,开放申购,开放赎回,nan
2020-10-21,2.573,2.573,-1.19,开放申购,开放赎回,nan
2020-10-22,2.552,2.552,-0.82,开放申购,开放赎回,nan
2020-10-23,2.488,2.488,-2.51,开放申购,开放赎回,nan
2020-10-26,2.527,2.527,1.57,开放申购,开放赎回,nan
2020-10-27,2.555,2.555,1.11,开放申购,开放赎回,nan
2020-10-28,2.593,2.593,1.49,开放申购,开放赎回,nan
2020-10-29,2.603,2.603,0.39,开放申购,开放赎回,nan
2020-10-30,2.577,2.577,-1.0,开放申购,开放赎回,nan
2020-11-02,2.618,2.618,1.59,开放申购,开放赎回,nan
2020-11-03,2.602,2.602,-0.61,开放申购,开放赎回,nan
2020-11-04,2.631,2.631,1.11,开放申购,开放赎回,nan
2020-11-05,2.7,2.7,2.62,开放申购,开放赎回,nan
2020-11-06,2.706,2.706,0.22,开放申购,开放赎回,nan
2020-11-09,2.759,2.759,1.96,开放申购,开放赎回,nan
2020-11-10,2.773,2.773,0.51,开放申购,开放赎回,nan
2020-11-11,2.742,2.742,-1.12,开放申购,开放赎回,nan
2020-11-12,2.765,2.765,0.84,开放申购,开放赎回,nan
2020-11-13,2.775,2.775,0.36,开放申购,开放赎回,nan
2020-11-16,2.792,2.792,0.61,开放申购,开放赎回,nan
2020-11-17,2.764,2.764,-1.0,开放申购,开放赎回,nan
2020-11-18,2.733,2.733,-1.12,开放申购,开放赎回,nan
2020-11-19,2.744,2.744,0.4,开放申购,开放赎回,nan
2020-11-20,2.759,2.759,0.55,开放申购,开放赎回,nan
2020-11-23,2.791,2.791,1.16,开放申购,开放赎回,nan
2020-11-24,2.797,2.797,0.21,开放申购,开放赎回,nan
2020-11-25,2.748,2.748,-1.75,开放申购,开放赎回,nan
2020-11-26,2.74,2.74,-0.29,开放申购,开放赎回,nan
2020-11-27,2.772,2.772,1.17,开放申购,开放赎回,nan
